{
  "items": [
    {
      "id": 0,
      "name": "empty"
    },
    {
      "id": 1,
      "name": "blink"
    },
    {
      "id": 2,
      "name": "blades_of_attack"
    },
    {
      "id": 3,
      "name": "broadsword"
    },
    {
      "id": 4,
      "name": "chainmail"
    },
    {
      "id": 5,
      "name": "claymore"
    },
    {
      "id": 6,
      "name": "helm_of_iron_will"
    },
    {
      "id": 7,
      "name": "javelin"
    },
    {
      "id": 8,
      "name": "mithril_hammer"
    },
    {
      "id": 9,
      "name": "platemail"
    },
    {
      "id": 10,
      "name": "quarterstaff"
    },
    {
      "id": 11,
      "name": "quelling_blade"
    },
    {
      "id": 12,
      "name": "ring_of_protection"
    },
    {
      "id": 182,
      "name": "stout_shield"
    },
    {
      "id": 13,
      "name": "gauntlets"
    },
    {
      "id": 14,
      "name": "slippers"
    },
    {
      "id": 15,
      "name": "mantle"
    },
    {
      "id": 16,
      "name": "branches"
    },
    {
      "id": 17,
      "name": "belt_of_strength"
    },
    {
      "id": 18,
      "name": "boots_of_elves"
    },
    {
      "id": 19,
      "name": "robe"
    },
    {
      "id": 20,
      "name": "circlet"
    },
    {
      "id": 21,
      "name": "ogre_axe"
    },
    {
      "id": 22,
      "name": "blade_of_alacrity"
    },
    {
      "id": 23,
      "name": "staff_of_wizardry"
    },
    {
      "id": 24,
      "name": "ultimate_orb"
    },
    {
      "id": 25,
      "name": "gloves"
    },
    {
      "id": 26,
      "name": "lifesteal"
    },
    {
      "id": 27,
      "name": "ring_of_regen"
    },
    {
      "id": 28,
      "name": "sobi_mask"
    },
    {
      "id": 29,
      "name": "boots"
    },
    {
      "id": 30,
      "name": "gem"
    },
    {
      "id": 31,
      "name": "cloak"
    },
    {
      "id": 32,
      "name": "talisman_of_evasion"
    },
    {
      "id": 33,
      "name": "cheese"
    },
    {
      "id": 34,
      "name": "magic_stick"
    },
    {
      "id": 35,
      "name": "recipe_magic_wand"
    },
    {
      "id": 36,
      "name": "magic_wand"
    },
    {
      "id": 37,
      "name": "ghost"
    },
    {
      "id": 38,
      "name": "clarity"
    },
    {
      "id": 39,
      "name": "flask"
    },
    {
      "id": 40,
      "name": "dust"
    },
    {
      "id": 41,
      "name": "bottle"
    },
    {
      "id": 42,
      "name": "ward_observer"
    },
    {
      "id": 43,
      "name": "ward_sentry"
    },
    {
      "id": 44,
      "name": "tango"
    },
    {
      "id": 45,
      "name": "courier"
    },
    {
      "id": 46,
      "name": "tpscroll"
    },
    {
      "id": 47,
      "name": "recipe_travel_boots"
    },
    {
      "id": 48,
      "name": "travel_boots"
    },
    {
      "id": 49,
      "name": "recipe_phase_boots"
    },
    {
      "id": 50,
      "name": "phase_boots"
    },
    {
      "id": 51,
      "name": "demon_edge"
    },
    {
      "id": 52,
      "name": "eagle"
    },
    {
      "id": 53,
      "name": "reaver"
    },
    {
      "id": 54,
      "name": "relic"
    },
    {
      "id": 55,
      "name": "hyperstone"
    },
    {
      "id": 56,
      "name": "ring_of_health"
    },
    {
      "id": 57,
      "name": "void_stone"
    },
    {
      "id": 58,
      "name": "mystic_staff"
    },
    {
      "id": 59,
      "name": "energy_booster"
    },
    {
      "id": 60,
      "name": "point_booster"
    },
    {
      "id": 61,
      "name": "vitality_booster"
    },
    {
      "id": 62,
      "name": "recipe_power_treads"
    },
    {
      "id": 63,
      "name": "power_treads"
    },
    {
      "id": 64,
      "name": "recipe_hand_of_midas"
    },
    {
      "id": 65,
      "name": "hand_of_midas"
    },
    {
      "id": 66,
      "name": "recipe_oblivion_staff"
    },
    {
      "id": 67,
      "name": "oblivion_staff"
    },
    {
      "id": 68,
      "name": "recipe_pers"
    },
    {
      "id": 69,
      "name": "pers"
    },
    {
      "id": 70,
      "name": "recipe_poor_mans_shield"
    },
    {
      "id": 71,
      "name": "poor_mans_shield"
    },
    {
      "id": 72,
      "name": "recipe_bracer"
    },
    {
      "id": 73,
      "name": "bracer"
    },
    {
      "id": 74,
      "name": "recipe_wraith_band"
    },
    {
      "id": 75,
      "name": "wraith_band"
    },
    {
      "id": 76,
      "name": "recipe_null_talisman"
    },
    {
      "id": 77,
      "name": "null_talisman"
    },
    {
      "id": 78,
      "name": "recipe_mekansm"
    },
    {
      "id": 79,
      "name": "mekansm"
    },
    {
      "id": 80,
      "name": "recipe_vladmir"
    },
    {
      "id": 81,
      "name": "vladmir"
    },
    {
      "id": 84,
      "name": "flying_courier"
    },
    {
      "id": 85,
      "name": "recipe_buckler"
    },
    {
      "id": 86,
      "name": "buckler"
    },
    {
      "id": 87,
      "name": "recipe_ring_of_basilius"
    },
    {
      "id": 88,
      "name": "ring_of_basilius"
    },
    {
      "id": 89,
      "name": "recipe_pipe"
    },
    {
      "id": 90,
      "name": "pipe"
    },
    {
      "id": 91,
      "name": "recipe_urn_of_shadows"
    },
    {
      "id": 92,
      "name": "urn_of_shadows"
    },
    {
      "id": 93,
      "name": "recipe_headdress"
    },
    {
      "id": 94,
      "name": "headdress"
    },
    {
      "id": 95,
      "name": "recipe_sheepstick"
    },
    {
      "id": 96,
      "name": "sheepstick"
    },
    {
      "id": 97,
      "name": "recipe_orchid"
    },
    {
      "id": 98,
      "name": "orchid"
    },
    {
      "id": 99,
      "name": "recipe_cyclone"
    },
    {
      "id": 100,
      "name": "cyclone"
    },
    {
      "id": 101,
      "name": "recipe_force_staff"
    },
    {
      "id": 102,
      "name": "force_staff"
    },
    {
      "id": 103,
      "name": "recipe_dagon"
    },
    {
      "id": 197,
      "name": "recipe_dagon_2"
    },
    {
      "id": 198,
      "name": "recipe_dagon_3"
    },
    {
      "id": 199,
      "name": "recipe_dagon_4"
    },
    {
      "id": 200,
      "name": "recipe_dagon_5"
    },
    {
      "id": 104,
      "name": "dagon"
    },
    {
      "id": 201,
      "name": "dagon_2"
    },
    {
      "id": 202,
      "name": "dagon_3"
    },
    {
      "id": 203,
      "name": "dagon_4"
    },
    {
      "id": 204,
      "name": "dagon_5"
    },
    {
      "id": 105,
      "name": "recipe_necronomicon"
    },
    {
      "id": 191,
      "name": "recipe_necronomicon_2"
    },
    {
      "id": 192,
      "name": "recipe_necronomicon_3"
    },
    {
      "id": 106,
      "name": "necronomicon"
    },
    {
      "id": 193,
      "name": "necronomicon_2"
    },
    {
      "id": 194,
      "name": "necronomicon_3"
    },
    {
      "id": 107,
      "name": "recipe_ultimate_scepter"
    },
    {
      "id": 108,
      "name": "ultimate_scepter"
    },
    {
      "id": 109,
      "name": "recipe_refresher"
    },
    {
      "id": 110,
      "name": "refresher"
    },
    {
      "id": 111,
      "name": "recipe_assault"
    },
    {
      "id": 112,
      "name": "assault"
    },
    {
      "id": 113,
      "name": "recipe_heart"
    },
    {
      "id": 114,
      "name": "heart"
    },
    {
      "id": 115,
      "name": "recipe_black_king_bar"
    },
    {
      "id": 116,
      "name": "black_king_bar"
    },
    {
      "id": 117,
      "name": "aegis"
    },
    {
      "id": 118,
      "name": "recipe_shivas_guard"
    },
    {
      "id": 119,
      "name": "shivas_guard"
    },
    {
      "id": 120,
      "name": "recipe_bloodstone"
    },
    {
      "id": 121,
      "name": "bloodstone"
    },
    {
      "id": 122,
      "name": "recipe_sphere"
    },
    {
      "id": 123,
      "name": "sphere"
    },
    {
      "id": 124,
      "name": "recipe_vanguard"
    },
    {
      "id": 125,
      "name": "vanguard"
    },
    {
      "id": 126,
      "name": "recipe_blade_mail"
    },
    {
      "id": 127,
      "name": "blade_mail"
    },
    {
      "id": 128,
      "name": "recipe_soul_booster"
    },
    {
      "id": 129,
      "name": "soul_booster"
    },
    {
      "id": 130,
      "name": "recipe_hood_of_defiance"
    },
    {
      "id": 131,
      "name": "hood_of_defiance"
    },
    {
      "id": 132,
      "name": "recipe_rapier"
    },
    {
      "id": 133,
      "name": "rapier"
    },
    {
      "id": 134,
      "name": "recipe_monkey_king_bar"
    },
    {
      "id": 135,
      "name": "monkey_king_bar"
    },
    {
      "id": 136,
      "name": "recipe_radiance"
    },
    {
      "id": 137,
      "name": "radiance"
    },
    {
      "id": 138,
      "name": "recipe_butterfly"
    },
    {
      "id": 139,
      "name": "butterfly"
    },
    {
      "id": 140,
      "name": "recipe_greater_crit"
    },
    {
      "id": 141,
      "name": "greater_crit"
    },
    {
      "id": 142,
      "name": "recipe_basher"
    },
    {
      "id": 143,
      "name": "basher"
    },
    {
      "id": 144,
      "name": "recipe_bfury"
    },
    {
      "id": 145,
      "name": "bfury"
    },
    {
      "id": 146,
      "name": "recipe_manta"
    },
    {
      "id": 147,
      "name": "manta"
    },
    {
      "id": 148,
      "name": "recipe_lesser_crit"
    },
    {
      "id": 149,
      "name": "lesser_crit"
    },
    {
      "id": 150,
      "name": "recipe_armlet"
    },
    {
      "id": 151,
      "name": "armlet"
    },
    {
      "id": 183,
      "name": "recipe_invis_sword"
    },
    {
      "id": 152,
      "name": "invis_sword"
    },
    {
      "id": 153,
      "name": "recipe_sange_and_yasha"
    },
    {
      "id": 154,
      "name": "sange_and_yasha"
    },
    {
      "id": 155,
      "name": "recipe_satanic"
    },
    {
      "id": 156,
      "name": "satanic"
    },
    {
      "id": 157,
      "name": "recipe_mjollnir"
    },
    {
      "id": 158,
      "name": "mjollnir"
    },
    {
      "id": 159,
      "name": "recipe_skadi"
    },
    {
      "id": 160,
      "name": "skadi"
    },
    {
      "id": 161,
      "name": "recipe_sange"
    },
    {
      "id": 162,
      "name": "sange"
    },
    {
      "id": 163,
      "name": "recipe_helm_of_the_dominator"
    },
    {
      "id": 164,
      "name": "helm_of_the_dominator"
    },
    {
      "id": 165,
      "name": "recipe_maelstrom"
    },
    {
      "id": 166,
      "name": "maelstrom"
    },
    {
      "id": 167,
      "name": "recipe_desolator"
    },
    {
      "id": 168,
      "name": "desolator"
    },
    {
      "id": 169,
      "name": "recipe_yasha"
    },
    {
      "id": 170,
      "name": "yasha"
    },
    {
      "id": 171,
      "name": "recipe_mask_of_madness"
    },
    {
      "id": 172,
      "name": "mask_of_madness"
    },
    {
      "id": 173,
      "name": "recipe_diffusal_blade"
    },
    {
      "id": 195,
      "name": "recipe_diffusal_blade_2"
    },
    {
      "id": 174,
      "name": "diffusal_blade"
    },
    {
      "id": 196,
      "name": "diffusal_blade_2"
    },
    {
      "id": 175,
      "name": "recipe_ethereal_blade"
    },
    {
      "id": 176,
      "name": "ethereal_blade"
    },
    {
      "id": 177,
      "name": "recipe_soul_ring"
    },
    {
      "id": 178,
      "name": "soul_ring"
    },
    {
      "id": 179,
      "name": "recipe_arcane_boots"
    },
    {
      "id": 180,
      "name": "arcane_boots"
    },
    {
      "id": 181,
      "name": "orb_of_venom"
    },
    {
      "id": 184,
      "name": "recipe_ancient_janggo"
    },
    {
      "id": 185,
      "name": "ancient_janggo"
    },
    {
      "id": 186,
      "name": "recipe_medallion_of_courage"
    },
    {
      "id": 187,
      "name": "medallion_of_courage"
    },
    {
      "id": 188,
      "name": "smoke_of_deceit"
    },
    {
      "id": 189,
      "name": "recipe_veil_of_discord"
    },
    {
      "id": 190,
      "name": "veil_of_discord"
    },
    {
      "id": 205,
      "name": "recipe_rod_of_atos"
    },
    {
      "id": 206,
      "name": "rod_of_atos"
    },
    {
      "id": 207,
      "name": "recipe_abyssal_blade"
    },
    {
      "id": 208,
      "name": "abyssal_blade"
    },
    {
      "id": 209,
      "name": "recipe_heavens_halberd"
    },
    {
      "id": 210,
      "name": "heavens_halberd"
    },
    {
      "id": 211,
      "name": "recipe_ring_of_aquila"
    },
    {
      "id": 212,
      "name": "ring_of_aquila"
    },
    {
      "id": 213,
      "name": "recipe_tranquil_boots"
    },
    {
      "id": 214,
      "name": "tranquil_boots"
    },
    {
      "id": 215,
      "name": "shadow_amulet"
    },
    {
      "id": 216,
      "name": "enchanted_mango"
    },
    {
      "id": 218,
      "name": "ward_dispenser"
    },
    {
      "id": 220,
      "name": "travel_boots_2"
    },
    {
      "id": 226,
      "name": "lotus_orb"
    },
    {
      "id": 229,
      "name": "solar_crest"
    },
    {
      "id": 231,
      "name": "guardian_greaves"
    },
    {
      "id": 235,
      "name": "octarine_core"
    },
    {
      "id": 247,
      "name": "moon_shard"
    },
    {
      "id": 249,
      "name": "silver_edge"
    },
    {
      "id": 254,
      "name": "glimmer_cape"
    },
    {
      "id": 1000,
      "name": "halloween_candy_corn"
    },
    {
      "id": 1001,
      "name": "mystery_hook"
    },
    {
      "id": 1002,
      "name": "mystery_arrow"
    },
    {
      "id": 1003,
      "name": "mystery_missile"
    },
    {
      "id": 1004,
      "name": "mystery_toss"
    },
    {
      "id": 1005,
      "name": "mystery_vacuum"
    },
    {
      "id": 1006,
      "name": "halloween_rapier"
    },
    {
      "id": 1007,
      "name": "greevil_whistle"
    },
    {
      "id": 1008,
      "name": "greevil_whistle_toggle"
    },
    {
      "id": 1009,
      "name": "present"
    },
    {
      "id": 1010,
      "name": "winter_stocking"
    },
    {
      "id": 1011,
      "name": "winter_skates"
    },
    {
      "id": 1012,
      "name": "winter_cake"
    },
    {
      "id": 1013,
      "name": "winter_cookie"
    },
    {
      "id": 1014,
      "name": "winter_coco"
    },
    {
      "id": 1015,
      "name": "winter_ham"
    },
    {
      "id": 1016,
      "name": "winter_kringle"
    },
    {
      "id": 1017,
      "name": "winter_mushroom"
    },
    {
      "id": 1018,
      "name": "winter_greevil_treat"
    },
    {
      "id": 1019,
      "name": "winter_greevil_garbage"
    },
    {
      "id": 1020,
      "name": "winter_greevil_chewy"
    },
    {
      "id": 241,
      "name": "tango_single"
    },
    {
      "id": 242,
      "name": "crimson_guard"
    },
    {
      "id": 238,
      "name": "recipe_iron_talon"
    },
    {
      "id": 239,
      "name": "iron_talon"
    },
    {
      "id": 233,
      "name": "recipe_aether_lens"
    },
    {
      "id": 232,
      "name": "aether_lens"
    },
    {
      "id": 234,
      "name": "recipe_dragon_lance"
    },
    {
      "id": 236,
      "name": "dragon_lance"
    },
    {
      "id": 237,
      "name": "faerie_fire"
    },
    {
      "id": 244,
      "name": "wind_lace"
    },
    {
      "id": 245,
      "name": "recipe_bloodthorn"
    },
    {
      "id": 250,
      "name": "bloodthorn"
    },
    {
      "id": 251,
      "name": "recipe_echo_sabre"
    },
    {
      "id": 252,
      "name": "echo_sabre"
    },
    {
      "id": 257,
      "name": "tome_of_knowledge"
    },
    {
      "id": 262,
      "name": "recipe_hurricane_pike"
    },
    {
      "id": 263,
      "name": "hurricane_pike"
    },
    {
      "id": 240,
      "name": "blight_stone"
    },
    {
      "id": 265,
      "name": "infused_raindrop"
    }
  ]
}
