{
    "mods": [
        {
            "id" : 0,
            "name" : "Unknown"
        },
        {
            "id" : 1,
            "name" : "All Pick"
        },
        {
            "id" : 2,
            "name" : "Captains Mode"
        },
        {
            "id" : 3,
            "name" : "Random Draft"
        },
        {
            "id" : 4,
            "name" : "Single Draft"
        },
        {
            "id" : 5,
            "name" : "All Random"
        },
        {
            "id" : 6,
            "name" : "?? INTRO/DEATH ??"
        },
        {
            "id" : 7,
            "name" : "The Diretide"
        },
        {
            "id" : 8,
            "name" : "Reverse Captains Mode"
        },
        {
            "id" : 9,
            "name" : "Greeviling"
        },
        {
            "id" : 10,
            "name": "Tutorial"
        },
        {
            "id" : 11,
            "name" : "Mid Only"
        },
        {
            "id" : 12,
            "name" : "Least Played"
        },
        {
            "id" : 13,
            "name" : "New Player Pool"
        },
        {
            "id" : 14,
            "name" : "Compendium Matchmaking"
        },
        {
            "id": 15,
            "name": "Custom"
        },
        {
            "id": 16,
            "name": "Captains Draft"
        },
        {
            "id": 17,
            "name": "Balanced Draft"
        },
        {
            "id": 18,
            "name": "Ability Draft"
        },
        {
            "id": 19,
            "name": "?? Event ??"
        },
        {
            "id": 20,
            "name": "All Random Death Match"
        },
        {
            "id": 21,
            "name": "1vs1 Solo Mid"
        },
        {
            "id": 22,
            "name": "Ranked All Pick"
        }
    ]
}
